building,mean,min,max,total
admin_block,14.920833333333334,5.0,24.3,716.2
hostel,27.104166666666668,14.1,38.6,1301.0
library,19.025000000000002,8.9,29.2,913.2
